USE TMD
GO
SET DATEFORMAT DMY
GO

INSERT INTO [TMD].[CR].[SEGMENTACION]
 ([FECHA_DE_SEGMENTACION],[ESTADO],[PUNTAJE_CLV],[PUNTAJE_RFM],[RESPONSABLE],[FECHA_DE_APROBACION] ,[NOMBRE_APROBADOR] ,[CODIGO_SEGMENTACION])
  VALUES(getdate(),'A',1,1,'NN',getdate(),'NOMBRE_APROBADOR',2)
GO
/*************************************************************************************/
INSERT INTO [TMD].[CR].[CLIENTE] ([RAZON_SOCIAL] ,[RUC] ,[TIPO_CLIENTE] ,[DIRECCION]
           ,[TELEFONO] ,[CORREO] ,[FAX] ,[CONTACTO] ,[ESTADO] ,[FECHA_INGRESO] ,[CODIGO_SEGMENTACION])
     VALUES
           ('MOLITALIA SAC' ,'20142536251' ,'R' ,'AV. JAVIER PRADO ESTE 355','562-2514'
           ,'contratos@molitalia.com'
           ,null
           ,'Carlos Sandoval'
           ,1
           ,GETDATE()
           ,null)
GO

INSERT INTO [TMD].[CR].[CLIENTE] ([RAZON_SOCIAL] ,[RUC] ,[TIPO_CLIENTE] ,[DIRECCION]
           ,[TELEFONO] ,[CORREO] ,[FAX] ,[CONTACTO] ,[ESTADO] ,[FECHA_INGRESO] ,[CODIGO_SEGMENTACION])
     VALUES
           ('TALMA SAC' ,'20584736251' ,'R' ,'AV. LA MARINA 2655','251-6621'
           ,'contratos@talma.com'
           ,null
           ,'Luis Izaguirre'
           ,1
           ,GETDATE()
           ,null)
GO
/*************************************************************************************/
INSERT INTO [TMD].[CC].[MONEDA]([CODIGO_MONEDA],[NOMBRE]) VALUES('PEN','SOLES');
INSERT INTO [TMD].[CC].[MONEDA]([CODIGO_MONEDA],[NOMBRE]) VALUES('USD','DOLARES');
/********************************************************************************************/
INSERT INTO [TMD].[CC].[LINEA_SERVICIO]([DESCRIPCION]) VALUES('Outsourcing de Tecnología');
INSERT INTO [TMD].[CC].[LINEA_SERVICIO]([DESCRIPCION]) VALUES('Software Factory');
INSERT INTO [TMD].[CC].[LINEA_SERVICIO]([DESCRIPCION]) VALUES('Outsourcing de Procesos');
INSERT INTO [TMD].[CC].[LINEA_SERVICIO]([DESCRIPCION]) VALUES('Outsourcing de Servicios de Aplicación');
INSERT INTO [TMD].[CC].[LINEA_SERVICIO]([DESCRIPCION]) VALUES('Servicios de Tecnología');
/************************************************************************************************************/
INSERT INTO [TMD].[CC].[SERVICIO]([CODIGO_LINEA_SERVICIO],[DESCRIPCION])VALUES(1,'Servicio de Hosting');
INSERT INTO [TMD].[CC].[SERVICIO]([CODIGO_LINEA_SERVICIO],[DESCRIPCION])VALUES(1,'Servicio de Housing');
INSERT INTO [TMD].[CC].[SERVICIO]([CODIGO_LINEA_SERVICIO],[DESCRIPCION])VALUES(1,'Servicios de Disaster Recovery');
INSERT INTO [TMD].[CC].[SERVICIO]([CODIGO_LINEA_SERVICIO],[DESCRIPCION])VALUES(1,'Servicio de Respaldo (Backup)');
INSERT INTO [TMD].[CC].[SERVICIO]([CODIGO_LINEA_SERVICIO],[DESCRIPCION])VALUES(1,'Servicios de Almacenamiento');
INSERT INTO [TMD].[CC].[SERVICIO]([CODIGO_LINEA_SERVICIO],[DESCRIPCION])VALUES(2,'Control de versiones');
INSERT INTO [TMD].[CC].[SERVICIO]([CODIGO_LINEA_SERVICIO],[DESCRIPCION])VALUES(2,'Control de calidad del código fuente');
INSERT INTO [TMD].[CC].[SERVICIO]([CODIGO_LINEA_SERVICIO],[DESCRIPCION])VALUES(2,'Pruebas de funcionalidad');
INSERT INTO [TMD].[CC].[SERVICIO]([CODIGO_LINEA_SERVICIO],[DESCRIPCION])VALUES(2,'Control de pases a producción');
INSERT INTO [TMD].[CC].[SERVICIO]([CODIGO_LINEA_SERVICIO],[DESCRIPCION])VALUES(3,'Procesos Operativos');
INSERT INTO [TMD].[CC].[SERVICIO]([CODIGO_LINEA_SERVICIO],[DESCRIPCION])VALUES(3,'Procesos de Soporte');
INSERT INTO [TMD].[CC].[SERVICIO]([CODIGO_LINEA_SERVICIO],[DESCRIPCION])VALUES(4,'Soporte BASIS Netweaver');
INSERT INTO [TMD].[CC].[SERVICIO]([CODIGO_LINEA_SERVICIO],[DESCRIPCION])VALUES(4,'Soporte Funcional');
INSERT INTO [TMD].[CC].[SERVICIO]([CODIGO_LINEA_SERVICIO],[DESCRIPCION])VALUES(5,'Servicios Microsoft');
INSERT INTO [TMD].[CC].[SERVICIO]([CODIGO_LINEA_SERVICIO],[DESCRIPCION])VALUES(5,'Servicios Networking');
INSERT INTO [TMD].[CC].[SERVICIO]([CODIGO_LINEA_SERVICIO],[DESCRIPCION])VALUES(5,'Servicios de Plataforma de Misión Crítica');
INSERT INTO [TMD].[CC].[SERVICIO]([CODIGO_LINEA_SERVICIO],[DESCRIPCION])VALUES(5,'Computación personal');
/********************************************************************************************************/
INSERT INTO [TMD].[CC].[TIPO_CLAUSULA]([NOMBRE]) VALUES('SLA');
INSERT INTO [TMD].[CC].[TIPO_CLAUSULA]([NOMBRE]) VALUES('VENTA');
INSERT INTO [TMD].[CC].[TIPO_CLAUSULA]([NOMBRE]) VALUES('GENERAL');
/*******************************************************************************************************/
INSERT INTO [TMD].[GEN].[ROL]([DESCRIPCION]) VALUES ('JEFE DE EQUIPO');
INSERT INTO [TMD].[GEN].[ROL]([DESCRIPCION]) VALUES ('ANALISTA');
INSERT INTO [TMD].[GEN].[ROL]([DESCRIPCION]) VALUES ('DESARROLLADOR');
/********************************************************************************************************/
INSERT INTO [TMD].[CC].[ENTREGABLE]([DESCRIPCION])VALUES('FUENTE DE DESARROLLO');
INSERT INTO [TMD].[CC].[ENTREGABLE]([DESCRIPCION])VALUES('REPORTES');
INSERT INTO [TMD].[CC].[ENTREGABLE]([DESCRIPCION])VALUES('MANUALES TECNICOS');
INSERT INTO [TMD].[CC].[ENTREGABLE]([DESCRIPCION])VALUES('MANUALES DE USUARIO');
/******************************************************************************************************/
INSERT INTO [TMD].[CC].[INDICADOR]([DESCRIPCION],[TIPO_INDICADOR]) VALUES('PRESENTACION DE ENTREGABLE','C');
INSERT INTO [TMD].[CC].[INDICADOR]([DESCRIPCION],[TIPO_INDICADOR]) VALUES('CALIDAD DE SERVICIO','S');
/*****************************************************************************************************/
INSERT INTO CR.OVENTA(NOMBRE,DNI,TIPO,RAZON_SOCIAL,RUC,CATEGORIA,RUBRO,CARGO,TELEFONO,EMAIL,INTERESES,OBSERVACIONES,DIRECCION,CODIGO_OVENTA,ESTADO_OFERTA) 
VALUES ('Billie Munive','43567867','P','INEI','20435678672','NA','Estadistica','Director','5764839','billie.munive@inei.gob.pe','NA','NA','Av Felino 123','1','P')
INSERT INTO CR.OVENTA(NOMBRE,DNI,TIPO,RAZON_SOCIAL,RUC,CATEGORIA,RUBRO,CARGO,TELEFONO,EMAIL,INTERESES,OBSERVACIONES,DIRECCION,CODIGO_OVENTA,ESTADO_OFERTA) 
VALUES ('Albino Huali','10987645','R','QNET','20109876459','NA','Informatica','Asesor','923647894','ahuali@qnet.com.pe','NA','NA','Jr Copello657','2','E')
INSERT INTO CR.OVENTA(NOMBRE,DNI,TIPO,RAZON_SOCIAL,RUC,CATEGORIA,RUBRO,CARGO,TELEFONO,EMAIL,INTERESES,OBSERVACIONES,DIRECCION,CODIGO_OVENTA,ESTADO_OFERTA) 
VALUES ('Victoria Rojas','25347856','P','Speed SAC','20253478563','NA','Informatica','Asesor','964573453','vrojas@speed.com.pe','NA','NA','Av Lima 8765','3','P')
INSERT INTO CR.OVENTA(NOMBRE,DNI,TIPO,RAZON_SOCIAL,RUC,CATEGORIA,RUBRO,CARGO,TELEFONO,EMAIL,INTERESES,OBSERVACIONES,DIRECCION,CODIGO_OVENTA,ESTADO_OFERTA) 
VALUES ('Christian Gomez','42896709','P','INFOCORP','20428967096','NA','Comercial','Jefe Proyecto','4653987','cfgomezc@inforcorp.com.pe','NA','NA','Calle Los gatios 345','4','E')
INSERT INTO CR.OVENTA(NOMBRE,DNI,TIPO,RAZON_SOCIAL,RUC,CATEGORIA,RUBRO,CARGO,TELEFONO,EMAIL,INTERESES,OBSERVACIONES,DIRECCION,CODIGO_OVENTA,ESTADO_OFERTA) 
VALUES ('Copo Ore','76854634','P','MEF','20768546349','NA','Economia','Gerente','3874536','copo.ore@mef.gob.pe','NA','NA','Calle Miau 456','5','C')
/*****************************************************************************************************/


INSERT INTO [TMD].[CC].[CONTRATO]
			([NUMERO_CONTRATO] ,[NUMERO_BUENA_PRO] ,[NUMERO_CARTA_FIANZA] ,[FECHA_INICIO] ,[FECHA_FIN]
           ,[MONTO] ,[DESCRIPCION] ,[FECHA_TERMINO] ,[MOTIVO_TERMINO] ,[CODIGO_CLIENTE]
           ,[CODIGO_SERVICIO] ,[CODIGO_MONEDA] ,[ESTADO] ,[FECHA_REGISTRO])
     VALUES
           ('1' ,NULL ,'CR5F-655' ,'01/02/2012' ,'10/01/2013'
           ,100000.00 ,'CONTRATO POR SOFTWARE FACTORY' ,NULL ,NULL ,1
           ,1 ,'PEN' ,'F',GETDATE())
GO


INSERT INTO [TMD].[CC].[CONTRATO]
			([NUMERO_CONTRATO] ,[NUMERO_BUENA_PRO] ,[NUMERO_CARTA_FIANZA] ,[FECHA_INICIO] ,[FECHA_FIN]
           ,[MONTO] ,[DESCRIPCION] ,[FECHA_TERMINO] ,[MOTIVO_TERMINO] ,[CODIGO_CLIENTE]
           ,[CODIGO_SERVICIO] ,[CODIGO_MONEDA] ,[ESTADO] ,[FECHA_REGISTRO])
     VALUES
           ('2' ,NULL ,'324-558LO' ,'15/03/2012' ,'01/02/2013'
           ,35000.00 ,'Hosting a gran escala para proyecto web' ,NULL ,NULL ,2
           ,1 ,'PEN' ,'F',GETDATE())
GO


INSERT INTO [TMD].[CC].[CONTRATO]
			([NUMERO_CONTRATO] ,[NUMERO_BUENA_PRO] ,[NUMERO_CARTA_FIANZA] ,[FECHA_INICIO] ,[FECHA_FIN]
           ,[MONTO] ,[DESCRIPCION] ,[FECHA_TERMINO] ,[MOTIVO_TERMINO] ,[CODIGO_CLIENTE]
           ,[CODIGO_SERVICIO] ,[CODIGO_MONEDA] ,[ESTADO] ,[FECHA_REGISTRO])
     VALUES
           ('3' ,NULL ,'8D25D-5D' ,'01/04/2012' ,'13/02/2013'
           ,40500.00 ,'Contrato de Pruebas de funcionalidad a un sistema ERP' ,NULL ,NULL ,1
           ,8 ,'PEN' ,'F',GETDATE())
GO



INSERT INTO [TMD].[CC].[CONTRATO]
			([NUMERO_CONTRATO] ,[NUMERO_BUENA_PRO] ,[NUMERO_CARTA_FIANZA] ,[FECHA_INICIO] ,[FECHA_FIN]
           ,[MONTO] ,[DESCRIPCION] ,[FECHA_TERMINO] ,[MOTIVO_TERMINO] ,[CODIGO_CLIENTE]
           ,[CODIGO_SERVICIO] ,[CODIGO_MONEDA] ,[ESTADO] ,[FECHA_REGISTRO])
     VALUES
           ('4' ,NULL ,'8D25D-5D' ,'01/08/2012' ,'13/06/2013'
           ,68000.00 ,'Manejo de las redes externas' ,NULL ,NULL ,2
           ,15 ,'PEN' ,'E',GETDATE())
GO


INSERT INTO [TMD].[CC].[CLAUSULA] ([CODIGO_CONTRATO] ,[CODIGO_ADDENDA] ,[NUMERO_CLAUSULA],[DESCRIPCIÓN] 
           ,[SUJETO_PENALIDAD] ,[TIPO_SANCION] ,[SANCION] ,[ESTADO] ,[CODIGO_TIPO_CLAUSULA])
     VALUES
           (1 ,null ,1,'ENTREGA DE DOCUMENTO EN EL PLAZO ESTABLECIDO' 
           ,1 ,'1',2,'A' ,1)
GO

INSERT INTO [TMD].[CC].[CLAUSULA] ([CODIGO_CONTRATO] ,[CODIGO_ADDENDA] ,[NUMERO_CLAUSULA],[DESCRIPCIÓN] 
           ,[SUJETO_PENALIDAD] ,[TIPO_SANCION] ,[SANCION] ,[ESTADO] ,[CODIGO_TIPO_CLAUSULA])
     VALUES
           (1 ,null ,2,'SISTEMA CUMPLE CON LOS REQUISITOS' 
           ,1 ,'3',2,'A' ,2)
GO           
           
           
           
           
INSERT INTO [TMD].[CC].[CLAUSULA] ([CODIGO_CONTRATO] ,[CODIGO_ADDENDA] ,[NUMERO_CLAUSULA],[DESCRIPCIÓN] 
           ,[SUJETO_PENALIDAD] ,[TIPO_SANCION] ,[SANCION] ,[ESTADO] ,[CODIGO_TIPO_CLAUSULA])
     VALUES
           (2 ,null ,1,'LA FUENTE LE PERTENECE AL CLIENTE' 
           ,0 ,NULL ,NULL ,'A' ,1)   
GO

           
INSERT INTO [TMD].[CC].[CLAUSULA] ([CODIGO_CONTRATO] ,[CODIGO_ADDENDA] ,[NUMERO_CLAUSULA],[DESCRIPCIÓN] 
           ,[SUJETO_PENALIDAD] ,[TIPO_SANCION] ,[SANCION] ,[ESTADO] ,[CODIGO_TIPO_CLAUSULA])
     VALUES
           (2 ,null ,2,'SISTEMA CUMPLE CON LOS REQUISITOS' 
           ,1 ,'2',3.5,'A' ,2)
GO
INSERT INTO [TMD].[CC].[CLAUSULA] ([CODIGO_CONTRATO] ,[CODIGO_ADDENDA] ,[NUMERO_CLAUSULA],[DESCRIPCIÓN] 
           ,[SUJETO_PENALIDAD] ,[TIPO_SANCION] ,[SANCION] ,[ESTADO] ,[CODIGO_TIPO_CLAUSULA])
     VALUES
           (2 ,null ,3,'ENTREGA DE DOCUMENTO EN EL PLAZO ESTABLECIDO' 
           ,1 ,'3',1500,'A' ,1)
GO



INSERT INTO [TMD].[CC].[CLAUSULA] ([CODIGO_CONTRATO] ,[CODIGO_ADDENDA] ,[NUMERO_CLAUSULA],[DESCRIPCIÓN] 
           ,[SUJETO_PENALIDAD] ,[TIPO_SANCION] ,[SANCION] ,[ESTADO] ,[CODIGO_TIPO_CLAUSULA])
     VALUES
           (3 ,null ,1,'SISTEMA CUMPLE CON LOS REQUISITOS' 
           ,1 ,'3',2500,'A' ,2)
GO
INSERT INTO [TMD].[CC].[CLAUSULA] ([CODIGO_CONTRATO] ,[CODIGO_ADDENDA] ,[NUMERO_CLAUSULA],[DESCRIPCIÓN] 
           ,[SUJETO_PENALIDAD] ,[TIPO_SANCION] ,[SANCION] ,[ESTADO] ,[CODIGO_TIPO_CLAUSULA])
     VALUES
           (3 ,null ,2,'ENTREGA DE DOCUMENTO EN EL PLAZO ESTABLECIDO' 
           ,1 ,'2',6,'A' ,1)
GO




INSERT INTO [TMD].[CC].[CLAUSULA] ([CODIGO_CONTRATO] ,[CODIGO_ADDENDA] ,[NUMERO_CLAUSULA],[DESCRIPCIÓN] 
           ,[SUJETO_PENALIDAD] ,[TIPO_SANCION] ,[SANCION] ,[ESTADO] ,[CODIGO_TIPO_CLAUSULA])
     VALUES
           (4 ,null ,1,'SISTEMA CUMPLE CON LOS REQUISITOS' 
           ,1 ,'3',2000,'A' ,2)
GO
INSERT INTO [TMD].[CC].[CLAUSULA] ([CODIGO_CONTRATO] ,[CODIGO_ADDENDA] ,[NUMERO_CLAUSULA],[DESCRIPCIÓN] 
           ,[SUJETO_PENALIDAD] ,[TIPO_SANCION] ,[SANCION] ,[ESTADO] ,[CODIGO_TIPO_CLAUSULA])
     VALUES
           (4 ,null ,2,'ENTREGA DE DOCUMENTO EN EL PLAZO ESTABLECIDO' 
           ,1 ,'2',10,'A' ,1)
GO






INSERT INTO [TMD].[CC].[CLAUSULA] ([CODIGO_CONTRATO] ,[CODIGO_ADDENDA] ,[NUMERO_CLAUSULA],[DESCRIPCIÓN] 
           ,[SUJETO_PENALIDAD] ,[TIPO_SANCION] ,[SANCION] ,[ESTADO] ,[CODIGO_TIPO_CLAUSULA])
     VALUES
           (3 ,null ,1,'SISTEMA CUMPLE CON LOS REQUISITOS' 
           ,1 ,'3',2,'A' ,2)
GO
INSERT INTO [TMD].[CC].[CLAUSULA] ([CODIGO_CONTRATO] ,[CODIGO_ADDENDA] ,[NUMERO_CLAUSULA],[DESCRIPCIÓN] 
           ,[SUJETO_PENALIDAD] ,[TIPO_SANCION] ,[SANCION] ,[ESTADO] ,[CODIGO_TIPO_CLAUSULA])
     VALUES
           (3 ,null ,2,'ENTREGA DE DOCUMENTO EN EL PLAZO ESTABLECIDO' 
           ,1 ,'1',2,'A' ,1)
GO

